Name,Latitude,Longitude,City,State,Country,Code
Amazon_PRG2,50.1130584,14.2177331,Dobrovíz,,Czech Republic,PRG2
Amazon_BRQ2,,,Kojetín,"Amazon.es warehouse in San Fernando de Henares, Madrid, Spain)",Czech Republic,BRQ2
Amazon_Boigny-sur-Bionne,47.9231655,2.0075032,Boigny-sur-Bionne,,France,Boigny-sur-Bionne
Amazon_Boves,49.8463524,2.3932912,Boves,,France,Boves
Amazon_Saran,47.9514553,1.8749906,Saran,,France,Saran
Amazon_Montélimar,44.5579391,4.7503180,Montélimar,,France,Montélimar
Amazon_Sevrey,46.7382911,4.8408740,Sevrey,,France,Sevrey
Amazon_Lauwin-Planque,50.3906656,3.0462262,Lauwin-Planque,,France,Lauwin-Planque
Amazon_Lauwin-Planque,50.3906656,3.0462262,Lauwin-Planque,,France,Lauwin-Planque
Amazon_Brétigny-sur-Orge,48.6099887,2.3075288,Brétigny-sur-Orge,,France,Brétigny-sur-Orge
Amazon_Augny,49.0593685,6.1219209,Augny,,France,Augny
Amazon_Senlis,50.5331612,2.1523287,Senlis,,France,Senlis
Amazon_Graben,48.1890811,10.8220308,Graben,Bavaria,Germany,Graben
Amazon_Eggolsheim,49.7721617,11.0535303,Eggolsheim,Bavaria,Germany,Eggolsheim
Amazon_Hof,50.3187507,11.9162992,Hof,Bavaria,Germany,Hof
Amazon_Pforzheim,48.8909340,8.7025509,Pforzheim,Baden-Württemberg,Germany,Pforzheim
Amazon_Heidenheim an der Brenz,48.6767637,10.1529230,Heidenheim an der Brenz,Baden-Württemberg,Germany,Heidenheim an der Brenz
Amazon_Berlin-Mariendorf,52.4482933,13.3608757,Berlin-Mariendorf,Berlin,Germany,Berlin-Mariendorf
Amazon_Brieselang,52.5883570,12.9958846,Brieselang,Brandenburg,Germany,Brieselang
Amazon_Schönefeld,52.3885520,13.5048276,Schönefeld,Brandenburg,Germany,Schönefeld
Amazon_Bad Hersfeld,50.8604177,9.6767709,Bad Hersfeld,Hessen,Germany,Bad Hersfeld
Amazon_Gernsheim,49.7466000,8.5112000,Gernsheim,Hessen,Germany,Gernsheim
Amazon_Achim,53.0207440,9.0247073,Achim,Lower Saxony,Germany,Achim
Amazon_Winsen,53.3636474,10.2059206,Winsen,Lower Saxony,Germany,Winsen
Amazon_Garbsen,52.4276606,9.6005102,Garbsen,Lower Saxony,Germany,Garbsen
Amazon_Helmstedt,52.2089226,11.0028882,Helmstedt,Lower Saxony,Germany,Helmstedt
Amazon_Werne,51.6626800,7.6355052,Werne,North Rhine-Westphalia,Germany,Werne
Amazon_Rheinberg,51.5458979,6.6014097,Rheinberg,North Rhine-Westphalia,Germany,Rheinberg
Amazon_Dortmund,51.5142273,7.4652789,Dortmund,North Rhine-Westphalia,Germany,Dortmund
Amazon_Krefeld,51.3331205,6.5623343,Krefeld,North Rhine-Westphalia,Germany,Krefeld
Amazon_Dormagen,51.0934389,6.8416158,Dormagen,North Rhine-Westphalia,Germany,Dormagen
Amazon_Mönchengladbach,51.1947131,6.4353792,Mönchengladbach,North Rhine-Westphalia,Germany,Mönchengladbach
Amazon_Oelde,51.8260823,8.1453352,Oelde,North Rhine-Westphalia,Germany,Oelde
Amazon_Witten,51.4370171,7.3351240,Witten,North Rhine-Westphalia,Germany,Witten
Amazon_Koblenz,50.3533278,7.5943951,Koblenz,Rhineland-Palatinate,Germany,Koblenz
Amazon_Frankenthal,49.5353466,8.3541391,Frankenthal,Rhineland-Palatinate,Germany,Frankenthal
Amazon_Kaiserslautern,49.4432174,7.7689951,Kaiserslautern,Rhineland-Palatinate,Germany,Kaiserslautern
Amazon_Leipzig,51.3406321,12.3747329,Leipzig,Saxony,Germany,Leipzig
Amazon_Leipzig/Halle,51.4211901,12.2295859,Leipzig/Halle,Saxony,Germany,Leipzig/Halle
Amazon_Sülzetal,52.0153590,11.5432798,Sülzetal,Saxony-Anhalt,Germany,Sülzetal
Amazon_Gera,50.8765528,12.0832674,Gera,Thuringia,Germany,Gera
Amazon_Dublin,53.3493795,-6.2605593,Dublin,,Ireland,Dublin
Amazon_Castel San Giovanni,45.0590671,9.4341783,Castel San Giovanni,,Italy,Castel San Giovanni
Amazon_Avigliana,45.0779435,7.3983904,Avigliana,,Italy,Avigliana
Amazon_Torrazza Piemonte,45.2154216,7.9745034,Torrazza Piemonte,,Italy,Torrazza Piemonte
Amazon_Passo Corese,42.1553466,12.6522056,Passo Corese,,Italy,Passo Corese
Amazon_Vercelli,45.5553827,8.3462837,Vercelli,,Italy,Vercelli
Amazon_Milan,45.4641943,9.1896346,Milan,,Italy,Milan
Amazon_Origgio,45.5976933,9.0180613,Origgio,,Italy,Origgio
Amazon_Casirate d'Adda,45.4941243,9.5678078,Casirate d'Adda,,Italy,Casirate d'Adda
Amazon_Parma,44.6952006,10.0979869,Parma,,Italy,Parma
Amazon_San Bellino/Castelguglielmo,45.0251144,11.5882347,San Bellino/Castelguglielmo,,Italy,San Bellino/Castelguglielmo
Amazon_Colleferro,41.7270330,13.0041576,Colleferro,,Italy,Colleferro
Amazon_Cividate al Piano,45.5548790,9.8309600,Cividate al Piano,,Italy,Cividate al Piano
Amazon_Novara,45.5842500,8.5459970,Novara,,Italy,Novara
Amazon_Spilamberto,44.5334130,11.0240826,Spilamberto,,Italy,Spilamberto
Amazon_Bitonto,41.1084971,16.6915480,Bitonto,,Italy,Bitonto
Amazon_Ardea,41.6087120,12.5193820,Ardea,,Italy,Ardea
Amazon_Arzano,40.9160204,14.2680178,Arzano,,Italy,Arzano
Amazon_Palermo,38.1112268,13.3524434,Palermo,,Italy,Palermo
Amazon_Catania,37.5023612,15.0873718,Catania,,Italy,Catania
Amazon_Castegnato,45.5605302,10.1158587,Castegnato,,Italy,Castegnato
Amazon_Poznań,52.4006632,16.9197326,Poznań,,Poland,Poznań
Amazon_Wrocław,51.1263106,16.9781963,Wrocław,,Poland,Wrocław
Amazon_Szczecin – Kołbaskowo,53.3631686,14.5796189,Szczecin – Kołbaskowo,,Poland,Szczecin – Kołbaskowo
Amazon_Katowice – Sosnowiec,50.2794094,19.0848767,Katowice – Sosnowiec,,Poland,Katowice – Sosnowiec
Amazon_KTW3,50.2941130,18.6657306,Gliwice 2020,,Poland,KTW3
Amazon_Pawlikowice,52.2417700,19.1939100,Pawlikowice,,Poland,Pawlikowice
Amazon_Łódź,51.7728245,19.4784857,Łódź,,Poland,Łódź
Amazon_Świebodzin,52.2498357,15.5324973,Świebodzin,,Poland,Świebodzin
Amazon_Bratislava,48.1516988,17.1093063,Bratislava,,Slovakia,Bratislava
Amazon_Sereď,48.2889032,17.7308808,Sereď,,Slovakia,Sereď
Amazon_San Fernando de Henares,40.4248548,-3.5350369,San Fernando de Henares,,Spain,San Fernando de Henares
Amazon_Getafe,40.3070639,-3.7331808,Getafe,,Spain,Getafe
Amazon_Illescas,40.1248436,-3.8492688,Illescas,,Spain,Illescas
Amazon_El Prat,41.3246333,2.0952568,El Prat,,Spain,El Prat
Amazon_Martorelles,41.5285100,2.2374755,Martorelles,,Spain,Martorelles
Amazon_Castellbisbal,41.4765136,1.9832978,Castellbisbal,,Spain,Castellbisbal
Amazon_Barberà del Vallès,41.5172534,2.1265942,Barberà del Vallès,,Spain,Barberà del Vallès
Amazon_Bobes,43.3945415,-5.7659787,Bobes,,Spain,Bobes
Amazon_Dos Hermanas,37.2836890,-5.9226718,Dos Hermanas,,Spain,Dos Hermanas
Amazon_MAD9,40.4819540,-3.3639810,Alcalá de Henares,,Spain,MAD9
Amazon_VLC1,39.9652140,-0.2625745,"Onda, Castellón",,Spain,VLC1
Amazon_Corvera,37.8421465,-1.1710842,Corvera,,Spain,Corvera
Amazon_IST2,41.0063810,28.9758715,Istanbul,,Turkey,IST2
Amazon_XTRA,40.8216536,29.9507184,Kocaeli,,Turkey,XTRA
Amazon_CEVA,40.8216536,29.9507184,Kocaeli,,Turkey,CEVA
"Amazon_Amazon operates over 90 warehouses across the UK, including Fulfilment Centres",,,"Amazon operates over 90 warehouses across the UK, including Fulfilment Centres",,United Kingdom,"Amazon operates over 90 warehouses across the UK, including Fulfilment Centres"
Amazon_Aylesford,51.3093091,0.4867332,Aylesford,England,United Kingdom,Aylesford
Amazon_Banbury,52.0601807,-1.3402795,Banbury,England,United Kingdom,Banbury
Amazon_Bardon Hill,52.7139197,-1.3196174,Bardon Hill,England,United Kingdom,Bardon Hill
Amazon_Barking,51.5402677,0.0793235,Barking,England,United Kingdom,Barking
Amazon_Bedford,52.1363806,-0.4675041,Bedford,England,United Kingdom,Bedford
Amazon_Bexley,51.4416793,0.1504880,Bexley,England,United Kingdom,Bexley
Amazon_Billingham,54.6072779,-1.2910885,Billingham,England,United Kingdom,Billingham
Amazon_Bolton,53.5782863,-2.4300367,Bolton,England,United Kingdom,Bolton
Amazon_Bristol,51.4538022,-2.5972985,Bristol,England,United Kingdom,Bristol
Amazon_Carlisle,54.8948478,-2.9362311,Carlisle,England,United Kingdom,Carlisle
Amazon_Chesterfield,53.2352134,-1.4264097,Chesterfield,England,United Kingdom,Chesterfield
Amazon_Coalville,52.7257981,-1.3741375,Coalville,England,United Kingdom,Coalville
Amazon_Coventry,52.4081812,-1.5104770,Coventry,England,United Kingdom,Coventry
Amazon_Croydon,51.3713049,-0.1019570,Croydon,England,United Kingdom,Croydon
Amazon_Darlington,54.5242081,-1.5555812,Darlington,England,United Kingdom,Darlington
Amazon_Dartford,51.4443059,0.2180700,Dartford,England,United Kingdom,Dartford
Amazon_Daventry,52.2578681,-1.1626569,Daventry,England,United Kingdom,Daventry
Amazon_Doncaster,53.5227681,-1.1335312,Doncaster,England,United Kingdom,Doncaster
Amazon_Droitwich,52.2685100,-2.1486075,Droitwich,England,United Kingdom,Droitwich
Amazon_Dunstable,51.8861316,-0.5209341,Dunstable,England,United Kingdom,Dunstable
Amazon_Durham,54.6666670,-1.7500000,Durham,England,United Kingdom,Durham
Amazon_Eastwood,53.0171751,-1.3038600,Eastwood,England,United Kingdom,Eastwood
Amazon_Enfield,51.6520851,-0.0810175,Enfield,England,United Kingdom,Enfield
Amazon_Exeter,50.7256138,-3.5269209,Exeter,England,United Kingdom,Exeter
Amazon_Gateshead,54.9625789,-1.6019294,Gateshead,England,United Kingdom,Gateshead
Amazon_Grays,51.4780898,0.3233131,Grays,England,United Kingdom,Grays
Amazon_Haydock,53.4671946,-2.6618064,Haydock,England,United Kingdom,Haydock
Amazon_Harlow,51.7685568,0.0949036,Harlow,England,United Kingdom,Harlow
Amazon_Hinckley,52.5410591,-1.3729379,Hinckley,England,United Kingdom,Hinckley
Amazon_Hull,53.7623863,-0.3301214,Hull,England,United Kingdom,Hull
Amazon_Ipswich,52.0579324,1.1528095,Ipswich,England,United Kingdom,Ipswich
Amazon_Kegworth,52.8380135,-1.2876377,Kegworth,England,United Kingdom,Kegworth
Amazon_Leeds,53.7974185,-1.5437941,Leeds,England,United Kingdom,Leeds
Amazon_Lutterworth,52.4552224,-1.1997815,Lutterworth,England,United Kingdom,Lutterworth
Amazon_Manchester,53.4794892,-2.2451148,Manchester,England,United Kingdom,Manchester
Amazon_Mansfield,53.1443785,-1.1964165,Mansfield,England,United Kingdom,Mansfield
Amazon_Milton Keynes,52.0406502,-0.7594092,Milton Keynes,England,United Kingdom,Milton Keynes
Amazon_Neasden,51.5543358,-0.2507490,Neasden,England,United Kingdom,Neasden
Amazon_Northampton,52.2343297,-0.9028043,Northampton,England,United Kingdom,Northampton
Amazon_North Ferriby,53.7192260,-0.5051595,North Ferriby,England,United Kingdom,North Ferriby
Amazon_Norwich,52.6285576,1.2923954,Norwich,England,United Kingdom,Norwich
Amazon_Orpington,51.3796373,0.1053732,Orpington,England,United Kingdom,Orpington
Amazon_Peterborough,52.5725769,-0.2427336,Peterborough,England,United Kingdom,Peterborough
Amazon_Plymouth,50.3714122,-4.1424451,Plymouth,England,United Kingdom,Plymouth
Amazon_Redditch,52.3057655,-1.9417444,Redditch,England,United Kingdom,Redditch
"Amazon_Ridgmont, Milton Keynes",,,"Ridgmont, Milton Keynes",England,United Kingdom,"Ridgmont, Milton Keynes"
Amazon_Rochdale,53.6153659,-2.1557561,Rochdale,England,United Kingdom,Rochdale
"Amazon_Rochester, Kent",51.3883811,0.5049250,"Rochester, Kent",England,United Kingdom,"Rochester, Kent"
Amazon_Rugby,52.3726682,-1.2620038,Rugby,England,United Kingdom,Rugby
Amazon_Sheffield,53.3806626,-1.4702278,Sheffield,England,United Kingdom,Sheffield
Amazon_Southampton,50.9025349,-1.4041890,Southampton,England,United Kingdom,Southampton
Amazon_Stoke-on-Trent,53.0162014,-2.1812607,Stoke-on-Trent,England,United Kingdom,Stoke-on-Trent
Amazon_Swindon,51.5615327,-1.7854322,Swindon,England,United Kingdom,Swindon
Amazon_Tilbury,51.4616124,0.3636802,Tilbury,England,United Kingdom,Tilbury
Amazon_Wakefield,53.6829541,-1.4967286,Wakefield,England,United Kingdom,Wakefield
Amazon_Warrington,53.4018582,-2.5680224,Warrington,England,United Kingdom,Warrington
Amazon_Wednesbury,52.5521806,-2.0224441,Wednesbury,England,United Kingdom,Wednesbury
Amazon_Weybridge,51.3727175,-0.4549297,Weybridge,England,United Kingdom,Weybridge
Amazon_Bathgate,55.9009224,-3.6414828,Bathgate,Scotland,United Kingdom,Bathgate
Amazon_Dundee,56.4605938,-2.9701900,Dundee,Scotland,United Kingdom,Dundee
Amazon_Dunfermline,56.0713724,-3.4616183,Dunfermline,Scotland,United Kingdom,Dunfermline
Amazon_Edinburgh,55.9533456,-3.1883749,Edinburgh,Scotland,United Kingdom,Edinburgh
Amazon_Glasgow,55.8611550,-4.2501687,Glasgow,Scotland,United Kingdom,Glasgow
"Amazon_Newport, Wales",51.5882332,-2.9974967,"Newport, Wales",Wales,United Kingdom,"Newport, Wales"
Amazon_Port Talbot,51.5952353,-3.7824148,Port Talbot,Wales,United Kingdom,Port Talbot
